Bits,Network mask,Host Totales,Class,Network Address,Usable Host Range,Broadcast Address
1,128.0.0.0,"2,147,483,646",S,,,
2,192.0.0.0,"1,073,741,822",S,,,
3,224.0.0.0,"536,870,910",S,,,
4,240.0.0.0,"268,435,454",S,,,
5,248.0.0.0,"134,217,726",S,,,
6,252.0.0.0,"67,108,862",S,,,
7,254.0.0.0,"33,554,430",S,,,
8,255.0.0.0,"16,777,214",A,,,
9,255.128.0.0,"8,388,606",A,,,
10,255.192.0.0,"4,194,302",A,,,
11,255.224.0.0,"2,097,150",A,,,
12,255.240.0.0,"1,048,574",A,,,
13,255.248.0.0,"524,286",A,,,
14,255.252.0.0,"262,142",A,,,
15,255.254.0.0,"131,070",A,,,
16,255.255.0.0,"65,534",B,,,
17,255.255.128.0,"32,766",B,193.168.0.0,193.168.0.1 - 193.168.127.254,193.168.127.255
17,255.255.128.1,"32,766",B,193.168.128.0,193.168.128.1 - 193.168.255.254,193.168.255.255
18,255.255.192.0,"16,382",B,193.168.0.0,193.168.0.1 - 193.168.63.254,193.168.63.255
18,255.255.192.1,"16,382",B,193.168.64.0,193.168.64.1 - 193.168.127.254,193.168.127.255
18,255.255.192.2,"16,382",B,193.168.128.0,193.168.128.1 - 193.168.191.254,193.168.191.255
18,255.255.192.3,"16,382",B,193.168.192.0,193.168.192.1 - 193.168.255.254,193.168.255.255
19,255.255.224.0,"8,190",B,193.168.0.0,193.168.0.1 - 193.168.31.254,193.168.31.255
19,255.255.224.1,"8,190",B,193.168.32.0,193.168.32.1 - 193.168.63.254,193.168.63.255
19,255.255.224.2,"8,190",B,193.168.64.0,193.168.64.1 - 193.168.95.254,193.168.95.255
19,255.255.224.3,"8,190",B,193.168.96.0,193.168.96.1 - 193.168.127.254,193.168.127.255
19,255.255.224.4,"8,190",B,193.168.128.0,193.168.128.1 - 193.168.159.254,193.168.159.255
19,255.255.224.5,"8,190",B,193.168.160.0,193.168.160.1 - 193.168.191.254,193.168.191.255
19,255.255.224.6,"8,190",B,193.168.192.0,193.168.192.1 - 193.168.223.254,193.168.223.255
19,255.255.224.7,"8,190",B,193.168.224.0,193.168.224.1 - 193.168.255.254,193.168.255.255
20,255.255.240.0,"4,094",B,193.168.0.0,193.168.0.1 - 193.168.15.254,193.168.15.255
20,255.255.240.1,"4,094",B,193.168.16.0,193.168.16.1 - 193.168.31.254,193.168.31.255
20,255.255.240.2,"4,094",B,193.168.32.0,193.168.32.1 - 193.168.47.254,193.168.47.255
20,255.255.240.3,"4,094",B,193.168.48.0,193.168.48.1 - 193.168.63.254,193.168.63.255
20,255.255.240.4,"4,094",B,193.168.64.0,193.168.64.1 - 193.168.79.254,193.168.79.255
20,255.255.240.5,"4,094",B,193.168.80.0,193.168.80.1 - 193.168.95.254,193.168.95.255
20,255.255.240.6,"4,094",B,193.168.96.0,193.168.96.1 - 193.168.111.254,193.168.111.255
20,255.255.240.7,"4,094",B,193.168.112.0,193.168.112.1 - 193.168.127.254,193.168.127.255
20,255.255.240.8,"4,094",B,193.168.128.0,193.168.128.1 - 193.168.143.254,193.168.143.255
20,255.255.240.9,"4,094",B,193.168.144.0,193.168.144.1 - 193.168.159.254,193.168.159.255
20,255.255.240.10,"4,094",B,193.168.160.0,193.168.160.1 - 193.168.175.254,193.168.175.255
20,255.255.240.11,"4,094",B,193.168.176.0,193.168.176.1 - 193.168.191.254,193.168.191.255
20,255.255.240.12,"4,094",B,193.168.192.0,193.168.192.1 - 193.168.207.254,193.168.207.255
20,255.255.240.13,"4,094",B,193.168.208.0,193.168.208.1 - 193.168.223.254,193.168.223.255
20,255.255.240.14,"4,094",B,193.168.224.0,193.168.224.1 - 193.168.239.254,193.168.239.255
20,255.255.240.15,"4,094",B,193.168.240.0,193.168.240.1 - 193.168.255.254,193.168.255.255
21,255.255.248.0,"2,046",B,193.168.0.0,193.168.0.1 - 193.168.7.254,193.168.7.255
21,255.255.248.1,"2,046",B,193.168.8.0,193.168.8.1 - 193.168.15.254,193.168.15.255
21,255.255.248.2,"2,046",B,193.168.16.0,193.168.16.1 - 193.168.23.254,193.168.23.255
21,255.255.248.3,"2,046",B,193.168.24.0,193.168.24.1 - 193.168.31.254,193.168.31.255
21,255.255.248.4,"2,046",B,193.168.32.0,193.168.32.1 - 193.168.39.254,193.168.39.255
21,255.255.248.5,"2,046",B,193.168.40.0,193.168.40.1 - 193.168.47.254,193.168.47.255
21,255.255.248.6,"2,046",B,193.168.48.0,193.168.48.1 - 193.168.55.254,193.168.55.255
21,255.255.248.7,"2,046",B,193.168.56.0,193.168.56.1 - 193.168.63.254,193.168.63.255
21,255.255.248.8,"2,046",B,193.168.64.0,193.168.64.1 - 193.168.71.254,193.168.71.255
21,255.255.248.9,"2,046",B,193.168.72.0,193.168.72.1 - 193.168.79.254,193.168.79.255
21,255.255.248.10,"2,046",B,193.168.80.0,193.168.80.1 - 193.168.87.254,193.168.87.255
21,255.255.248.11,"2,046",B,193.168.88.0,193.168.88.1 - 193.168.95.254,193.168.95.255
21,255.255.248.12,"2,046",B,193.168.96.0,193.168.96.1 - 193.168.103.254,193.168.103.255
21,255.255.248.13,"2,046",B,193.168.104.0,193.168.104.1 - 193.168.111.254,193.168.111.255
21,255.255.248.14,"2,046",B,193.168.112.0,193.168.112.1 - 193.168.119.254,193.168.119.255
21,255.255.248.15,"2,046",B,193.168.120.0,193.168.120.1 - 193.168.127.254,193.168.127.255
21,255.255.248.16,"2,046",B,193.168.128.0,193.168.128.1 - 193.168.135.254,193.168.135.255
21,255.255.248.17,"2,046",B,193.168.136.0,193.168.136.1 - 193.168.143.254,193.168.143.255
21,255.255.248.18,"2,046",B,193.168.144.0,193.168.144.1 - 193.168.151.254,193.168.151.255
21,255.255.248.19,"2,046",B,193.168.152.0,193.168.152.1 - 193.168.159.254,193.168.159.255
21,255.255.248.20,"2,046",B,193.168.160.0,193.168.160.1 - 193.168.167.254,193.168.167.255
21,255.255.248.21,"2,046",B,193.168.168.0,193.168.168.1 - 193.168.175.254,193.168.175.255
21,255.255.248.22,"2,046",B,193.168.176.0,193.168.176.1 - 193.168.183.254,193.168.183.255
21,255.255.248.23,"2,046",B,193.168.184.0,193.168.184.1 - 193.168.191.254,193.168.191.255
21,255.255.248.24,"2,046",B,193.168.192.0,193.168.192.1 - 193.168.199.254,193.168.199.255
21,255.255.248.25,"2,046",B,193.168.200.0,193.168.200.1 - 193.168.207.254,193.168.207.255
21,255.255.248.26,"2,046",B,193.168.208.0,193.168.208.1 - 193.168.215.254,193.168.215.255
21,255.255.248.27,"2,046",B,193.168.216.0,193.168.216.1 - 193.168.223.254,193.168.223.255
21,255.255.248.28,"2,046",B,193.168.224.0,193.168.224.1 - 193.168.231.254,193.168.231.255
21,255.255.248.29,"2,046",B,193.168.232.0,193.168.232.1 - 193.168.239.254,193.168.239.255
21,255.255.248.30,"2,046",B,193.168.240.0,193.168.240.1 - 193.168.247.254,193.168.247.255
21,255.255.248.31,"2,046",B,193.168.248.0,193.168.248.1 - 193.168.255.254,193.168.255.255
22,255.255.252.0,"1,022",B,193.168.0.0,193.168.0.1 - 193.168.3.254,193.168.3.255
22,255.255.252.1,"1,022",B,193.168.4.0,193.168.4.1 - 193.168.7.254,193.168.7.255
22,255.255.252.2,"1,022",B,193.168.8.0,193.168.8.1 - 193.168.11.254,193.168.11.255
22,255.255.252.3,"1,022",B,193.168.12.0,193.168.12.1 - 193.168.15.254,193.168.15.255
22,255.255.252.4,"1,022",B,193.168.16.0,193.168.16.1 - 193.168.19.254,193.168.19.255
22,255.255.252.5,"1,022",B,193.168.20.0,193.168.20.1 - 193.168.23.254,193.168.23.255
22,255.255.252.6,"1,022",B,193.168.24.0,193.168.24.1 - 193.168.27.254,193.168.27.255
22,255.255.252.7,"1,022",B,193.168.28.0,193.168.28.1 - 193.168.31.254,193.168.31.255
22,255.255.252.8,"1,022",B,193.168.32.0,193.168.32.1 - 193.168.35.254,193.168.35.255
22,255.255.252.9,"1,022",B,193.168.36.0,193.168.36.1 - 193.168.39.254,193.168.39.255
22,255.255.252.10,"1,022",B,193.168.40.0,193.168.40.1 - 193.168.43.254,193.168.43.255
22,255.255.252.11,"1,022",B,193.168.44.0,193.168.44.1 - 193.168.47.254,193.168.47.255
22,255.255.252.12,"1,022",B,193.168.48.0,193.168.48.1 - 193.168.51.254,193.168.51.255
22,255.255.252.13,"1,022",B,193.168.52.0,193.168.52.1 - 193.168.55.254,193.168.55.255
22,255.255.252.14,"1,022",B,193.168.56.0,193.168.56.1 - 193.168.59.254,193.168.59.255
22,255.255.252.15,"1,022",B,193.168.60.0,193.168.60.1 - 193.168.63.254,193.168.63.255
22,255.255.252.16,"1,022",B,193.168.64.0,193.168.64.1 - 193.168.67.254,193.168.67.255
22,255.255.252.17,"1,022",B,193.168.68.0,193.168.68.1 - 193.168.71.254,193.168.71.255
22,255.255.252.18,"1,022",B,193.168.72.0,193.168.72.1 - 193.168.75.254,193.168.75.255
22,255.255.252.19,"1,022",B,193.168.76.0,193.168.76.1 - 193.168.79.254,193.168.79.255
22,255.255.252.20,"1,022",B,193.168.80.0,193.168.80.1 - 193.168.83.254,193.168.83.255
22,255.255.252.21,"1,022",B,193.168.84.0,193.168.84.1 - 193.168.87.254,193.168.87.255
22,255.255.252.22,"1,022",B,193.168.88.0,193.168.88.1 - 193.168.91.254,193.168.91.255
22,255.255.252.23,"1,022",B,193.168.92.0,193.168.92.1 - 193.168.95.254,193.168.95.255
22,255.255.252.24,"1,022",B,193.168.96.0,193.168.96.1 - 193.168.99.254,193.168.99.255
22,255.255.252.25,"1,022",B,193.168.100.0,193.168.100.1 - 193.168.103.254,193.168.103.255
22,255.255.252.26,"1,022",B,193.168.104.0,193.168.104.1 - 193.168.107.254,193.168.107.255
22,255.255.252.27,"1,022",B,193.168.108.0,193.168.108.1 - 193.168.111.254,193.168.111.255
22,255.255.252.28,"1,022",B,193.168.112.0,193.168.112.1 - 193.168.115.254,193.168.115.255
22,255.255.252.29,"1,022",B,193.168.116.0,193.168.116.1 - 193.168.119.254,193.168.119.255
22,255.255.252.30,"1,022",B,193.168.120.0,193.168.120.1 - 193.168.123.254,193.168.123.255
22,255.255.252.31,"1,022",B,193.168.124.0,193.168.124.1 - 193.168.127.254,193.168.127.255
22,255.255.252.32,"1,022",B,193.168.128.0,193.168.128.1 - 193.168.131.254,193.168.131.255
22,255.255.252.33,"1,022",B,193.168.132.0,193.168.132.1 - 193.168.135.254,193.168.135.255
22,255.255.252.34,"1,022",B,193.168.136.0,193.168.136.1 - 193.168.139.254,193.168.139.255
22,255.255.252.35,"1,022",B,193.168.140.0,193.168.140.1 - 193.168.143.254,193.168.143.255
22,255.255.252.36,"1,022",B,193.168.144.0,193.168.144.1 - 193.168.147.254,193.168.147.255
22,255.255.252.37,"1,022",B,193.168.148.0,193.168.148.1 - 193.168.151.254,193.168.151.255
22,255.255.252.38,"1,022",B,193.168.152.0,193.168.152.1 - 193.168.155.254,193.168.155.255
22,255.255.252.39,"1,022",B,193.168.156.0,193.168.156.1 - 193.168.159.254,193.168.159.255
22,255.255.252.40,"1,022",B,193.168.160.0,193.168.160.1 - 193.168.163.254,193.168.163.255
22,255.255.252.41,"1,022",B,193.168.164.0,193.168.164.1 - 193.168.167.254,193.168.167.255
22,255.255.252.42,"1,022",B,193.168.168.0,193.168.168.1 - 193.168.171.254,193.168.171.255
22,255.255.252.43,"1,022",B,193.168.172.0,193.168.172.1 - 193.168.175.254,193.168.175.255
22,255.255.252.44,"1,022",B,193.168.176.0,193.168.176.1 - 193.168.179.254,193.168.179.255
22,255.255.252.45,"1,022",B,193.168.180.0,193.168.180.1 - 193.168.183.254,193.168.183.255
22,255.255.252.46,"1,022",B,193.168.184.0,193.168.184.1 - 193.168.187.254,193.168.187.255
22,255.255.252.47,"1,022",B,193.168.188.0,193.168.188.1 - 193.168.191.254,193.168.191.255
22,255.255.252.48,"1,022",B,193.168.192.0,193.168.192.1 - 193.168.195.254,193.168.195.255
22,255.255.252.49,"1,022",B,193.168.196.0,193.168.196.1 - 193.168.199.254,193.168.199.255
22,255.255.252.50,"1,022",B,193.168.200.0,193.168.200.1 - 193.168.203.254,193.168.203.255
22,255.255.252.51,"1,022",B,193.168.204.0,193.168.204.1 - 193.168.207.254,193.168.207.255
22,255.255.252.52,"1,022",B,193.168.208.0,193.168.208.1 - 193.168.211.254,193.168.211.255
22,255.255.252.53,"1,022",B,193.168.212.0,193.168.212.1 - 193.168.215.254,193.168.215.255
22,255.255.252.54,"1,022",B,193.168.216.0,193.168.216.1 - 193.168.219.254,193.168.219.255
22,255.255.252.55,"1,022",B,193.168.220.0,193.168.220.1 - 193.168.223.254,193.168.223.255
22,255.255.252.56,"1,022",B,193.168.224.0,193.168.224.1 - 193.168.227.254,193.168.227.255
22,255.255.252.57,"1,022",B,193.168.228.0,193.168.228.1 - 193.168.231.254,193.168.231.255
22,255.255.252.58,"1,022",B,193.168.232.0,193.168.232.1 - 193.168.235.254,193.168.235.255
22,255.255.252.59,"1,022",B,193.168.236.0,193.168.236.1 - 193.168.239.254,193.168.239.255
22,255.255.252.60,"1,022",B,193.168.240.0,193.168.240.1 - 193.168.243.254,193.168.243.255
22,255.255.252.61,"1,022",B,193.168.244.0,193.168.244.1 - 193.168.247.254,193.168.247.255
22,255.255.252.62,"1,022",B,193.168.248.0,193.168.248.1 - 193.168.251.254,193.168.251.255
22,255.255.252.63,"1,022",B,193.168.252.0,193.168.252.1 - 193.168.255.254,193.168.255.255
23,255.255.254.0,510,B,193.168.0.0,193.168.0.1 - 193.168.1.254,193.168.1.255
23,255.255.254.1,510,B,193.168.2.0,193.168.2.1 - 193.168.3.254,193.168.3.255
23,255.255.254.2,510,B,193.168.4.0,193.168.4.1 - 193.168.5.254,193.168.5.255
23,255.255.254.3,510,B,193.168.6.0,193.168.6.1 - 193.168.7.254,193.168.7.255
23,255.255.254.4,510,B,193.168.8.0,193.168.8.1 - 193.168.9.254,193.168.9.255
23,255.255.254.5,510,B,193.168.10.0,193.168.10.1 - 193.168.11.254,193.168.11.255
23,255.255.254.6,510,B,193.168.12.0,193.168.12.1 - 193.168.13.254,193.168.13.255
23,255.255.254.7,510,B,193.168.14.0,193.168.14.1 - 193.168.15.254,193.168.15.255
23,255.255.254.8,510,B,193.168.16.0,193.168.16.1 - 193.168.17.254,193.168.17.255
23,255.255.254.9,510,B,193.168.18.0,193.168.18.1 - 193.168.19.254,193.168.19.255
23,255.255.254.10,510,B,193.168.20.0,193.168.20.1 - 193.168.21.254,193.168.21.255
23,255.255.254.11,510,B,193.168.22.0,193.168.22.1 - 193.168.23.254,193.168.23.255
23,255.255.254.12,510,B,193.168.24.0,193.168.24.1 - 193.168.25.254,193.168.25.255
23,255.255.254.13,510,B,193.168.26.0,193.168.26.1 - 193.168.27.254,193.168.27.255
23,255.255.254.14,510,B,193.168.28.0,193.168.28.1 - 193.168.29.254,193.168.29.255
23,255.255.254.15,510,B,193.168.30.0,193.168.30.1 - 193.168.31.254,193.168.31.255
23,255.255.254.16,510,B,193.168.32.0,193.168.32.1 - 193.168.33.254,193.168.33.255
23,255.255.254.17,510,B,193.168.34.0,193.168.34.1 - 193.168.35.254,193.168.35.255
23,255.255.254.18,510,B,193.168.36.0,193.168.36.1 - 193.168.37.254,193.168.37.255
23,255.255.254.19,510,B,193.168.38.0,193.168.38.1 - 193.168.39.254,193.168.39.255
23,255.255.254.20,510,B,193.168.40.0,193.168.40.1 - 193.168.41.254,193.168.41.255
23,255.255.254.21,510,B,193.168.42.0,193.168.42.1 - 193.168.43.254,193.168.43.255
23,255.255.254.22,510,B,193.168.44.0,193.168.44.1 - 193.168.45.254,193.168.45.255
23,255.255.254.23,510,B,193.168.46.0,193.168.46.1 - 193.168.47.254,193.168.47.255
23,255.255.254.24,510,B,193.168.48.0,193.168.48.1 - 193.168.49.254,193.168.49.255
23,255.255.254.25,510,B,193.168.50.0,193.168.50.1 - 193.168.51.254,193.168.51.255
23,255.255.254.26,510,B,193.168.52.0,193.168.52.1 - 193.168.53.254,193.168.53.255
23,255.255.254.27,510,B,193.168.54.0,193.168.54.1 - 193.168.55.254,193.168.55.255
23,255.255.254.28,510,B,193.168.56.0,193.168.56.1 - 193.168.57.254,193.168.57.255
23,255.255.254.29,510,B,193.168.58.0,193.168.58.1 - 193.168.59.254,193.168.59.255
23,255.255.254.30,510,B,193.168.60.0,193.168.60.1 - 193.168.61.254,193.168.61.255
23,255.255.254.31,510,B,193.168.62.0,193.168.62.1 - 193.168.63.254,193.168.63.255
23,255.255.254.32,510,B,193.168.64.0,193.168.64.1 - 193.168.65.254,193.168.65.255
23,255.255.254.33,510,B,193.168.66.0,193.168.66.1 - 193.168.67.254,193.168.67.255
23,255.255.254.34,510,B,193.168.68.0,193.168.68.1 - 193.168.69.254,193.168.69.255
23,255.255.254.35,510,B,193.168.70.0,193.168.70.1 - 193.168.71.254,193.168.71.255
23,255.255.254.36,510,B,193.168.72.0,193.168.72.1 - 193.168.73.254,193.168.73.255
23,255.255.254.37,510,B,193.168.74.0,193.168.74.1 - 193.168.75.254,193.168.75.255
23,255.255.254.38,510,B,193.168.76.0,193.168.76.1 - 193.168.77.254,193.168.77.255
23,255.255.254.39,510,B,193.168.78.0,193.168.78.1 - 193.168.79.254,193.168.79.255
23,255.255.254.40,510,B,193.168.80.0,193.168.80.1 - 193.168.81.254,193.168.81.255
23,255.255.254.41,510,B,193.168.82.0,193.168.82.1 - 193.168.83.254,193.168.83.255
23,255.255.254.42,510,B,193.168.84.0,193.168.84.1 - 193.168.85.254,193.168.85.255
23,255.255.254.43,510,B,193.168.86.0,193.168.86.1 - 193.168.87.254,193.168.87.255
23,255.255.254.44,510,B,193.168.88.0,193.168.88.1 - 193.168.89.254,193.168.89.255
23,255.255.254.45,510,B,193.168.90.0,193.168.90.1 - 193.168.91.254,193.168.91.255
23,255.255.254.46,510,B,193.168.92.0,193.168.92.1 - 193.168.93.254,193.168.93.255
23,255.255.254.47,510,B,193.168.94.0,193.168.94.1 - 193.168.95.254,193.168.95.255
23,255.255.254.48,510,B,193.168.96.0,193.168.96.1 - 193.168.97.254,193.168.97.255
23,255.255.254.49,510,B,193.168.98.0,193.168.98.1 - 193.168.99.254,193.168.99.255
23,255.255.254.50,510,B,193.168.100.0,193.168.100.1 - 193.168.101.254,193.168.101.255
23,255.255.254.51,510,B,193.168.102.0,193.168.102.1 - 193.168.103.254,193.168.103.255
23,255.255.254.52,510,B,193.168.104.0,193.168.104.1 - 193.168.105.254,193.168.105.255
23,255.255.254.53,510,B,193.168.106.0,193.168.106.1 - 193.168.107.254,193.168.107.255
23,255.255.254.54,510,B,193.168.108.0,193.168.108.1 - 193.168.109.254,193.168.109.255
23,255.255.254.55,510,B,193.168.110.0,193.168.110.1 - 193.168.111.254,193.168.111.255
23,255.255.254.56,510,B,193.168.112.0,193.168.112.1 - 193.168.113.254,193.168.113.255
23,255.255.254.57,510,B,193.168.114.0,193.168.114.1 - 193.168.115.254,193.168.115.255
23,255.255.254.58,510,B,193.168.116.0,193.168.116.1 - 193.168.117.254,193.168.117.255
23,255.255.254.59,510,B,193.168.118.0,193.168.118.1 - 193.168.119.254,193.168.119.255
23,255.255.254.60,510,B,193.168.120.0,193.168.120.1 - 193.168.121.254,193.168.121.255
23,255.255.254.61,510,B,193.168.122.0,193.168.122.1 - 193.168.123.254,193.168.123.255
23,255.255.254.62,510,B,193.168.124.0,193.168.124.1 - 193.168.125.254,193.168.125.255
23,255.255.254.63,510,B,193.168.126.0,193.168.126.1 - 193.168.127.254,193.168.127.255
23,255.255.254.64,510,B,193.168.128.0,193.168.128.1 - 193.168.129.254,193.168.129.255
23,255.255.254.65,510,B,193.168.130.0,193.168.130.1 - 193.168.131.254,193.168.131.255
23,255.255.254.66,510,B,193.168.132.0,193.168.132.1 - 193.168.133.254,193.168.133.255
23,255.255.254.67,510,B,193.168.134.0,193.168.134.1 - 193.168.135.254,193.168.135.255
23,255.255.254.68,510,B,193.168.136.0,193.168.136.1 - 193.168.137.254,193.168.137.255
23,255.255.254.69,510,B,193.168.138.0,193.168.138.1 - 193.168.139.254,193.168.139.255
23,255.255.254.70,510,B,193.168.140.0,193.168.140.1 - 193.168.141.254,193.168.141.255
23,255.255.254.71,510,B,193.168.142.0,193.168.142.1 - 193.168.143.254,193.168.143.255
23,255.255.254.72,510,B,193.168.144.0,193.168.144.1 - 193.168.145.254,193.168.145.255
23,255.255.254.73,510,B,193.168.146.0,193.168.146.1 - 193.168.147.254,193.168.147.255
23,255.255.254.74,510,B,193.168.148.0,193.168.148.1 - 193.168.149.254,193.168.149.255
23,255.255.254.75,510,B,193.168.150.0,193.168.150.1 - 193.168.151.254,193.168.151.255
23,255.255.254.76,510,B,193.168.152.0,193.168.152.1 - 193.168.153.254,193.168.153.255
23,255.255.254.77,510,B,193.168.154.0,193.168.154.1 - 193.168.155.254,193.168.155.255
23,255.255.254.78,510,B,193.168.156.0,193.168.156.1 - 193.168.157.254,193.168.157.255
23,255.255.254.79,510,B,193.168.158.0,193.168.158.1 - 193.168.159.254,193.168.159.255
23,255.255.254.80,510,B,193.168.160.0,193.168.160.1 - 193.168.161.254,193.168.161.255
23,255.255.254.81,510,B,193.168.162.0,193.168.162.1 - 193.168.163.254,193.168.163.255
23,255.255.254.82,510,B,193.168.164.0,193.168.164.1 - 193.168.165.254,193.168.165.255
23,255.255.254.83,510,B,193.168.166.0,193.168.166.1 - 193.168.167.254,193.168.167.255
23,255.255.254.84,510,B,193.168.168.0,193.168.168.1 - 193.168.169.254,193.168.169.255
23,255.255.254.85,510,B,193.168.170.0,193.168.170.1 - 193.168.171.254,193.168.171.255
23,255.255.254.86,510,B,193.168.172.0,193.168.172.1 - 193.168.173.254,193.168.173.255
23,255.255.254.87,510,B,193.168.174.0,193.168.174.1 - 193.168.175.254,193.168.175.255
23,255.255.254.88,510,B,193.168.176.0,193.168.176.1 - 193.168.177.254,193.168.177.255
23,255.255.254.89,510,B,193.168.178.0,193.168.178.1 - 193.168.179.254,193.168.179.255
23,255.255.254.90,510,B,193.168.180.0,193.168.180.1 - 193.168.181.254,193.168.181.255
23,255.255.254.91,510,B,193.168.182.0,193.168.182.1 - 193.168.183.254,193.168.183.255
23,255.255.254.92,510,B,193.168.184.0,193.168.184.1 - 193.168.185.254,193.168.185.255
23,255.255.254.93,510,B,193.168.186.0,193.168.186.1 - 193.168.187.254,193.168.187.255
23,255.255.254.94,510,B,193.168.188.0,193.168.188.1 - 193.168.189.254,193.168.189.255
23,255.255.254.95,510,B,193.168.190.0,193.168.190.1 - 193.168.191.254,193.168.191.255
23,255.255.254.96,510,B,193.168.192.0,193.168.192.1 - 193.168.193.254,193.168.193.255
23,255.255.254.97,510,B,193.168.194.0,193.168.194.1 - 193.168.195.254,193.168.195.255
23,255.255.254.98,510,B,193.168.196.0,193.168.196.1 - 193.168.197.254,193.168.197.255
23,255.255.254.99,510,B,193.168.198.0,193.168.198.1 - 193.168.199.254,193.168.199.255
23,255.255.254.100,510,B,193.168.200.0,193.168.200.1 - 193.168.201.254,193.168.201.255
23,255.255.254.101,510,B,193.168.202.0,193.168.202.1 - 193.168.203.254,193.168.203.255
23,255.255.254.102,510,B,193.168.204.0,193.168.204.1 - 193.168.205.254,193.168.205.255
23,255.255.254.103,510,B,193.168.206.0,193.168.206.1 - 193.168.207.254,193.168.207.255
23,255.255.254.104,510,B,193.168.208.0,193.168.208.1 - 193.168.209.254,193.168.209.255
23,255.255.254.105,510,B,193.168.210.0,193.168.210.1 - 193.168.211.254,193.168.211.255
23,255.255.254.106,510,B,193.168.212.0,193.168.212.1 - 193.168.213.254,193.168.213.255
23,255.255.254.107,510,B,193.168.214.0,193.168.214.1 - 193.168.215.254,193.168.215.255
23,255.255.254.108,510,B,193.168.216.0,193.168.216.1 - 193.168.217.254,193.168.217.255
23,255.255.254.109,510,B,193.168.218.0,193.168.218.1 - 193.168.219.254,193.168.219.255
23,255.255.254.110,510,B,193.168.220.0,193.168.220.1 - 193.168.221.254,193.168.221.255
23,255.255.254.111,510,B,193.168.222.0,193.168.222.1 - 193.168.223.254,193.168.223.255
23,255.255.254.112,510,B,193.168.224.0,193.168.224.1 - 193.168.225.254,193.168.225.255
23,255.255.254.113,510,B,193.168.226.0,193.168.226.1 - 193.168.227.254,193.168.227.255
23,255.255.254.114,510,B,193.168.228.0,193.168.228.1 - 193.168.229.254,193.168.229.255
23,255.255.254.115,510,B,193.168.230.0,193.168.230.1 - 193.168.231.254,193.168.231.255
23,255.255.254.116,510,B,193.168.232.0,193.168.232.1 - 193.168.233.254,193.168.233.255
23,255.255.254.117,510,B,193.168.234.0,193.168.234.1 - 193.168.235.254,193.168.235.255
23,255.255.254.118,510,B,193.168.236.0,193.168.236.1 - 193.168.237.254,193.168.237.255
23,255.255.254.119,510,B,193.168.238.0,193.168.238.1 - 193.168.239.254,193.168.239.255
23,255.255.254.120,510,B,193.168.240.0,193.168.240.1 - 193.168.241.254,193.168.241.255
23,255.255.254.121,510,B,193.168.242.0,193.168.242.1 - 193.168.243.254,193.168.243.255
23,255.255.254.122,510,B,193.168.244.0,193.168.244.1 - 193.168.245.254,193.168.245.255
23,255.255.254.123,510,B,193.168.246.0,193.168.246.1 - 193.168.247.254,193.168.247.255
23,255.255.254.124,510,B,193.168.248.0,193.168.248.1 - 193.168.249.254,193.168.249.255
23,255.255.254.125,510,B,193.168.250.0,193.168.250.1 - 193.168.251.254,193.168.251.255
23,255.255.254.126,510,B,193.168.252.0,193.168.252.1 - 193.168.253.254,193.168.253.255
23,255.255.254.127,510,B,193.168.254.0,193.168.254.1 - 193.168.255.254,193.168.255.255
24,255.255.255.0,254,C,193.168.0.0,193.168.0.1 - 193.168.0.254,193.168.0.255
25,255.255.255.128,126,C,193.168.0.0,193.168.0.1 - 193.168.0.126,193.168.0.127
25,255.255.255.129,126,C,193.168.0.128,193.168.0.129 - 193.168.0.254,193.168.0.255
26,255.255.255.192,62,C,193.168.0.0,193.168.0.1 - 193.168.0.62,193.168.0.63
26,255.255.255.193,62,C,193.168.0.64,193.168.0.65 - 193.168.0.126,193.168.0.127
26,255.255.255.194,62,C,193.168.0.128,193.168.0.129 - 193.168.0.190,193.168.0.191
26,255.255.255.195,62,C,193.168.0.192,193.168.0.193 - 193.168.0.254,193.168.0.255
27,255.255.255.224,30,C,193.168.0.0,193.168.0.1 - 193.168.0.30,193.168.0.31
27,255.255.255.225,30,C,193.168.0.32,193.168.0.33 - 193.168.0.62,193.168.0.63
27,255.255.255.226,30,C,193.168.0.64,193.168.0.65 - 193.168.0.94,193.168.0.95
27,255.255.255.227,30,C,193.168.0.96,193.168.0.97 - 193.168.0.126,193.168.0.127
27,255.255.255.228,30,C,193.168.0.128,193.168.0.129 - 193.168.0.158,193.168.0.159
27,255.255.255.229,30,C,193.168.0.160,193.168.0.161 - 193.168.0.190,193.168.0.191
27,255.255.255.230,30,C,193.168.0.192,193.168.0.193 - 193.168.0.222,193.168.0.223
27,255.255.255.231,30,C,193.168.0.224,193.168.0.225 - 193.168.0.254,193.168.0.255
28,255.255.255.240,14,C,193.168.0.0,193.168.0.1 - 193.168.0.14,193.168.0.15
28,255.255.255.241,14,C,193.168.0.16,193.168.0.17 - 193.168.0.30,193.168.0.31
28,255.255.255.242,14,C,193.168.0.32,193.168.0.33 - 193.168.0.46,193.168.0.47
28,255.255.255.243,14,C,193.168.0.48,193.168.0.49 - 193.168.0.62,193.168.0.63
28,255.255.255.244,14,C,193.168.0.64,193.168.0.65 - 193.168.0.78,193.168.0.79
28,255.255.255.245,14,C,193.168.0.80,193.168.0.81 - 193.168.0.94,193.168.0.95
28,255.255.255.246,14,C,193.168.0.96,193.168.0.97 - 193.168.0.110,193.168.0.111
28,255.255.255.247,14,C,193.168.0.112,193.168.0.113 - 193.168.0.126,193.168.0.127
28,255.255.255.248,14,C,193.168.0.128,193.168.0.129 - 193.168.0.142,193.168.0.143
28,255.255.255.249,14,C,193.168.0.144,193.168.0.145 - 193.168.0.158,193.168.0.159
28,255.255.255.250,14,C,193.168.0.160,193.168.0.161 - 193.168.0.174,193.168.0.175
28,255.255.255.251,14,C,193.168.0.176,193.168.0.177 - 193.168.0.190,193.168.0.191
28,255.255.255.252,14,C,193.168.0.192,193.168.0.193 - 193.168.0.206,193.168.0.207
28,255.255.255.253,14,C,193.168.0.208,193.168.0.209 - 193.168.0.222,193.168.0.223
28,255.255.255.254,14,C,193.168.0.224,193.168.0.225 - 193.168.0.238,193.168.0.239
28,255.255.255.255,14,C,193.168.0.240,193.168.0.241 - 193.168.0.254,193.168.0.255
29,255.255.255.248,6,C,193.168.0.0,193.168.0.1 - 193.168.0.6,193.168.0.7
29,255.255.255.249,6,C,193.168.0.8,193.168.0.9 - 193.168.0.14,193.168.0.15
29,255.255.255.250,6,C,193.168.0.16,193.168.0.17 - 193.168.0.22,193.168.0.23
29,255.255.255.251,6,C,193.168.0.24,193.168.0.25 - 193.168.0.30,193.168.0.31
29,255.255.255.252,6,C,193.168.0.32,193.168.0.33 - 193.168.0.38,193.168.0.39
29,255.255.255.253,6,C,193.168.0.40,193.168.0.41 - 193.168.0.46,193.168.0.47
29,255.255.255.254,6,C,193.168.0.48,193.168.0.49 - 193.168.0.54,193.168.0.55
29,255.255.255.255,6,C,193.168.0.56,193.168.0.57 - 193.168.0.62,193.168.0.63
29,255.255.255.256,6,C,193.168.0.64,193.168.0.65 - 193.168.0.70,193.168.0.71
29,255.255.255.257,6,C,193.168.0.72,193.168.0.73 - 193.168.0.78,193.168.0.79
29,255.255.255.258,6,C,193.168.0.80,193.168.0.81 - 193.168.0.86,193.168.0.87
29,255.255.255.259,6,C,193.168.0.88,193.168.0.89 - 193.168.0.94,193.168.0.95
29,255.255.255.260,6,C,193.168.0.96,193.168.0.97 - 193.168.0.102,193.168.0.103
29,255.255.255.261,6,C,193.168.0.104,193.168.0.105 - 193.168.0.110,193.168.0.111
29,255.255.255.262,6,C,193.168.0.112,193.168.0.113 - 193.168.0.118,193.168.0.119
29,255.255.255.263,6,C,193.168.0.120,193.168.0.121 - 193.168.0.126,193.168.0.127
29,255.255.255.264,6,C,193.168.0.128,193.168.0.129 - 193.168.0.134,193.168.0.135
29,255.255.255.265,6,C,193.168.0.136,193.168.0.137 - 193.168.0.142,193.168.0.143
29,255.255.255.266,6,C,193.168.0.144,193.168.0.145 - 193.168.0.150,193.168.0.151
29,255.255.255.267,6,C,193.168.0.152,193.168.0.153 - 193.168.0.158,193.168.0.159
29,255.255.255.268,6,C,193.168.0.160,193.168.0.161 - 193.168.0.166,193.168.0.167
29,255.255.255.269,6,C,193.168.0.168,193.168.0.169 - 193.168.0.174,193.168.0.175
29,255.255.255.270,6,C,193.168.0.176,193.168.0.177 - 193.168.0.182,193.168.0.183
29,255.255.255.271,6,C,193.168.0.184,193.168.0.185 - 193.168.0.190,193.168.0.191
29,255.255.255.272,6,C,193.168.0.192,193.168.0.193 - 193.168.0.198,193.168.0.199
29,255.255.255.273,6,C,193.168.0.200,193.168.0.201 - 193.168.0.206,193.168.0.207
29,255.255.255.274,6,C,193.168.0.208,193.168.0.209 - 193.168.0.214,193.168.0.215
29,255.255.255.275,6,C,193.168.0.216,193.168.0.217 - 193.168.0.222,193.168.0.223
29,255.255.255.276,6,C,193.168.0.224,193.168.0.225 - 193.168.0.230,193.168.0.231
29,255.255.255.277,6,C,193.168.0.232,193.168.0.233 - 193.168.0.238,193.168.0.239
29,255.255.255.278,6,C,193.168.0.240,193.168.0.241 - 193.168.0.246,193.168.0.247
29,255.255.255.279,6,C,193.168.0.248,193.168.0.249 - 193.168.0.254,193.168.0.255
30,255.255.255.252,2,C,193.168.0.0,193.168.0.1 - 193.168.0.2,193.168.0.3
30,255.255.255.253,2,C,193.168.0.4,193.168.0.5 - 193.168.0.6,193.168.0.7
30,255.255.255.254,2,C,193.168.0.8,193.168.0.9 - 193.168.0.10,193.168.0.11
30,255.255.255.255,2,C,193.168.0.12,193.168.0.13 - 193.168.0.14,193.168.0.15
30,255.255.255.256,2,C,193.168.0.16,193.168.0.17 - 193.168.0.18,193.168.0.19
30,255.255.255.257,2,C,193.168.0.20,193.168.0.21 - 193.168.0.22,193.168.0.23
30,255.255.255.258,2,C,193.168.0.24,193.168.0.25 - 193.168.0.26,193.168.0.27
30,255.255.255.259,2,C,193.168.0.28,193.168.0.29 - 193.168.0.30,193.168.0.31
30,255.255.255.260,2,C,193.168.0.32,193.168.0.33 - 193.168.0.34,193.168.0.35
30,255.255.255.261,2,C,193.168.0.36,193.168.0.37 - 193.168.0.38,193.168.0.39
30,255.255.255.262,2,C,193.168.0.40,193.168.0.41 - 193.168.0.42,193.168.0.43
30,255.255.255.263,2,C,193.168.0.44,193.168.0.45 - 193.168.0.46,193.168.0.47
30,255.255.255.264,2,C,193.168.0.48,193.168.0.49 - 193.168.0.50,193.168.0.51
30,255.255.255.265,2,C,193.168.0.52,193.168.0.53 - 193.168.0.54,193.168.0.55
30,255.255.255.266,2,C,193.168.0.56,193.168.0.57 - 193.168.0.58,193.168.0.59
30,255.255.255.267,2,C,193.168.0.60,193.168.0.61 - 193.168.0.62,193.168.0.63
30,255.255.255.268,2,C,193.168.0.64,193.168.0.65 - 193.168.0.66,193.168.0.67
30,255.255.255.269,2,C,193.168.0.68,193.168.0.69 - 193.168.0.70,193.168.0.71
30,255.255.255.270,2,C,193.168.0.72,193.168.0.73 - 193.168.0.74,193.168.0.75
30,255.255.255.271,2,C,193.168.0.76,193.168.0.77 - 193.168.0.78,193.168.0.79
30,255.255.255.272,2,C,193.168.0.80,193.168.0.81 - 193.168.0.82,193.168.0.83
30,255.255.255.273,2,C,193.168.0.84,193.168.0.85 - 193.168.0.86,193.168.0.87
30,255.255.255.274,2,C,193.168.0.88,193.168.0.89 - 193.168.0.90,193.168.0.91
30,255.255.255.275,2,C,193.168.0.92,193.168.0.93 - 193.168.0.94,193.168.0.95
30,255.255.255.276,2,C,193.168.0.96,193.168.0.97 - 193.168.0.98,193.168.0.99
30,255.255.255.277,2,C,193.168.0.100,193.168.0.101 - 193.168.0.102,193.168.0.103
30,255.255.255.278,2,C,193.168.0.104,193.168.0.105 - 193.168.0.106,193.168.0.107
30,255.255.255.279,2,C,193.168.0.108,193.168.0.109 - 193.168.0.110,193.168.0.111
30,255.255.255.280,2,C,193.168.0.112,193.168.0.113 - 193.168.0.114,193.168.0.115
30,255.255.255.281,2,C,193.168.0.116,193.168.0.117 - 193.168.0.118,193.168.0.119
30,255.255.255.282,2,C,193.168.0.120,193.168.0.121 - 193.168.0.122,193.168.0.123
30,255.255.255.283,2,C,193.168.0.124,193.168.0.125 - 193.168.0.126,193.168.0.127
30,255.255.255.284,2,C,193.168.0.128,193.168.0.129 - 193.168.0.130,193.168.0.131
30,255.255.255.285,2,C,193.168.0.132,193.168.0.133 - 193.168.0.134,193.168.0.135
30,255.255.255.286,2,C,193.168.0.136,193.168.0.137 - 193.168.0.138,193.168.0.139
30,255.255.255.287,2,C,193.168.0.140,193.168.0.141 - 193.168.0.142,193.168.0.143
30,255.255.255.288,2,C,193.168.0.144,193.168.0.145 - 193.168.0.146,193.168.0.147
30,255.255.255.289,2,C,193.168.0.148,193.168.0.149 - 193.168.0.150,193.168.0.151
30,255.255.255.290,2,C,193.168.0.152,193.168.0.153 - 193.168.0.154,193.168.0.155
30,255.255.255.291,2,C,193.168.0.156,193.168.0.157 - 193.168.0.158,193.168.0.159
30,255.255.255.292,2,C,193.168.0.160,193.168.0.161 - 193.168.0.162,193.168.0.163
30,255.255.255.293,2,C,193.168.0.164,193.168.0.165 - 193.168.0.166,193.168.0.167
30,255.255.255.294,2,C,193.168.0.168,193.168.0.169 - 193.168.0.170,193.168.0.171
30,255.255.255.295,2,C,193.168.0.172,193.168.0.173 - 193.168.0.174,193.168.0.175
30,255.255.255.296,2,C,193.168.0.176,193.168.0.177 - 193.168.0.178,193.168.0.179
30,255.255.255.297,2,C,193.168.0.180,193.168.0.181 - 193.168.0.182,193.168.0.183
30,255.255.255.298,2,C,193.168.0.184,193.168.0.185 - 193.168.0.186,193.168.0.187
30,255.255.255.299,2,C,193.168.0.188,193.168.0.189 - 193.168.0.190,193.168.0.191
30,255.255.255.300,2,C,193.168.0.192,193.168.0.193 - 193.168.0.194,193.168.0.195
30,255.255.255.301,2,C,193.168.0.196,193.168.0.197 - 193.168.0.198,193.168.0.199
30,255.255.255.302,2,C,193.168.0.200,193.168.0.201 - 193.168.0.202,193.168.0.203
30,255.255.255.303,2,C,193.168.0.204,193.168.0.205 - 193.168.0.206,193.168.0.207
30,255.255.255.304,2,C,193.168.0.208,193.168.0.209 - 193.168.0.210,193.168.0.211
30,255.255.255.305,2,C,193.168.0.212,193.168.0.213 - 193.168.0.214,193.168.0.215
30,255.255.255.306,2,C,193.168.0.216,193.168.0.217 - 193.168.0.218,193.168.0.219
30,255.255.255.307,2,C,193.168.0.220,193.168.0.221 - 193.168.0.222,193.168.0.223
30,255.255.255.308,2,C,193.168.0.224,193.168.0.225 - 193.168.0.226,193.168.0.227
30,255.255.255.309,2,C,193.168.0.228,193.168.0.229 - 193.168.0.230,193.168.0.231
30,255.255.255.310,2,C,193.168.0.232,193.168.0.233 - 193.168.0.234,193.168.0.235
30,255.255.255.311,2,C,193.168.0.236,193.168.0.237 - 193.168.0.238,193.168.0.239
30,255.255.255.312,2,C,193.168.0.240,193.168.0.241 - 193.168.0.242,193.168.0.243
30,255.255.255.313,2,C,193.168.0.244,193.168.0.245 - 193.168.0.246,193.168.0.247
30,255.255.255.314,2,C,193.168.0.248,193.168.0.249 - 193.168.0.250,193.168.0.251
30,255.255.255.315,2,C,193.168.0.252,193.168.0.253 - 193.168.0.254,193.168.0.255
31,255.255.255.254,0,C,193.168.0.0,193.168.0.1 - 193.168.0.0,193.168.0.1
31,255.255.255.255,0,C,193.168.0.2,193.168.0.3 - 193.168.0.2,193.168.0.3
31,255.255.255.256,0,C,193.168.0.4,193.168.0.5 - 193.168.0.4,193.168.0.5
31,255.255.255.257,0,C,193.168.0.6,193.168.0.7 - 193.168.0.6,193.168.0.7
31,255.255.255.258,0,C,193.168.0.8,193.168.0.9 - 193.168.0.8,193.168.0.9
31,255.255.255.259,0,C,193.168.0.10,193.168.0.11 - 193.168.0.10,193.168.0.11
31,255.255.255.260,0,C,193.168.0.12,193.168.0.13 - 193.168.0.12,193.168.0.13
31,255.255.255.261,0,C,193.168.0.14,193.168.0.15 - 193.168.0.14,193.168.0.15
31,255.255.255.262,0,C,193.168.0.16,193.168.0.17 - 193.168.0.16,193.168.0.17
31,255.255.255.263,0,C,193.168.0.18,193.168.0.19 - 193.168.0.18,193.168.0.19
31,255.255.255.264,0,C,193.168.0.20,193.168.0.21 - 193.168.0.20,193.168.0.21
31,255.255.255.265,0,C,193.168.0.22,193.168.0.23 - 193.168.0.22,193.168.0.23
31,255.255.255.266,0,C,193.168.0.24,193.168.0.25 - 193.168.0.24,193.168.0.25
31,255.255.255.267,0,C,193.168.0.26,193.168.0.27 - 193.168.0.26,193.168.0.27
31,255.255.255.268,0,C,193.168.0.28,193.168.0.29 - 193.168.0.28,193.168.0.29
31,255.255.255.269,0,C,193.168.0.30,193.168.0.31 - 193.168.0.30,193.168.0.31
31,255.255.255.270,0,C,193.168.0.32,193.168.0.33 - 193.168.0.32,193.168.0.33
31,255.255.255.271,0,C,193.168.0.34,193.168.0.35 - 193.168.0.34,193.168.0.35
31,255.255.255.272,0,C,193.168.0.36,193.168.0.37 - 193.168.0.36,193.168.0.37
31,255.255.255.273,0,C,193.168.0.38,193.168.0.39 - 193.168.0.38,193.168.0.39
31,255.255.255.274,0,C,193.168.0.40,193.168.0.41 - 193.168.0.40,193.168.0.41
31,255.255.255.275,0,C,193.168.0.42,193.168.0.43 - 193.168.0.42,193.168.0.43
31,255.255.255.276,0,C,193.168.0.44,193.168.0.45 - 193.168.0.44,193.168.0.45
31,255.255.255.277,0,C,193.168.0.46,193.168.0.47 - 193.168.0.46,193.168.0.47
31,255.255.255.278,0,C,193.168.0.48,193.168.0.49 - 193.168.0.48,193.168.0.49
31,255.255.255.279,0,C,193.168.0.50,193.168.0.51 - 193.168.0.50,193.168.0.51
31,255.255.255.280,0,C,193.168.0.52,193.168.0.53 - 193.168.0.52,193.168.0.53
31,255.255.255.281,0,C,193.168.0.54,193.168.0.55 - 193.168.0.54,193.168.0.55
31,255.255.255.282,0,C,193.168.0.56,193.168.0.57 - 193.168.0.56,193.168.0.57
31,255.255.255.283,0,C,193.168.0.58,193.168.0.59 - 193.168.0.58,193.168.0.59
31,255.255.255.284,0,C,193.168.0.60,193.168.0.61 - 193.168.0.60,193.168.0.61
31,255.255.255.285,0,C,193.168.0.62,193.168.0.63 - 193.168.0.62,193.168.0.63
31,255.255.255.286,0,C,193.168.0.64,193.168.0.65 - 193.168.0.64,193.168.0.65
31,255.255.255.287,0,C,193.168.0.66,193.168.0.67 - 193.168.0.66,193.168.0.67
31,255.255.255.288,0,C,193.168.0.68,193.168.0.69 - 193.168.0.68,193.168.0.69
31,255.255.255.289,0,C,193.168.0.70,193.168.0.71 - 193.168.0.70,193.168.0.71
31,255.255.255.290,0,C,193.168.0.72,193.168.0.73 - 193.168.0.72,193.168.0.73
31,255.255.255.291,0,C,193.168.0.74,193.168.0.75 - 193.168.0.74,193.168.0.75
31,255.255.255.292,0,C,193.168.0.76,193.168.0.77 - 193.168.0.76,193.168.0.77
31,255.255.255.293,0,C,193.168.0.78,193.168.0.79 - 193.168.0.78,193.168.0.79
31,255.255.255.294,0,C,193.168.0.80,193.168.0.81 - 193.168.0.80,193.168.0.81
31,255.255.255.295,0,C,193.168.0.82,193.168.0.83 - 193.168.0.82,193.168.0.83
31,255.255.255.296,0,C,193.168.0.84,193.168.0.85 - 193.168.0.84,193.168.0.85
31,255.255.255.297,0,C,193.168.0.86,193.168.0.87 - 193.168.0.86,193.168.0.87
31,255.255.255.298,0,C,193.168.0.88,193.168.0.89 - 193.168.0.88,193.168.0.89
31,255.255.255.299,0,C,193.168.0.90,193.168.0.91 - 193.168.0.90,193.168.0.91
31,255.255.255.300,0,C,193.168.0.92,193.168.0.93 - 193.168.0.92,193.168.0.93
31,255.255.255.301,0,C,193.168.0.94,193.168.0.95 - 193.168.0.94,193.168.0.95
31,255.255.255.302,0,C,193.168.0.96,193.168.0.97 - 193.168.0.96,193.168.0.97
31,255.255.255.303,0,C,193.168.0.98,193.168.0.99 - 193.168.0.98,193.168.0.99
31,255.255.255.304,0,C,193.168.0.100,193.168.0.101 - 193.168.0.100,193.168.0.101
31,255.255.255.305,0,C,193.168.0.102,193.168.0.103 - 193.168.0.102,193.168.0.103
31,255.255.255.306,0,C,193.168.0.104,193.168.0.105 - 193.168.0.104,193.168.0.105
31,255.255.255.307,0,C,193.168.0.106,193.168.0.107 - 193.168.0.106,193.168.0.107
31,255.255.255.308,0,C,193.168.0.108,193.168.0.109 - 193.168.0.108,193.168.0.109
31,255.255.255.309,0,C,193.168.0.110,193.168.0.111 - 193.168.0.110,193.168.0.111
31,255.255.255.310,0,C,193.168.0.112,193.168.0.113 - 193.168.0.112,193.168.0.113
31,255.255.255.311,0,C,193.168.0.114,193.168.0.115 - 193.168.0.114,193.168.0.115
31,255.255.255.312,0,C,193.168.0.116,193.168.0.117 - 193.168.0.116,193.168.0.117
31,255.255.255.313,0,C,193.168.0.118,193.168.0.119 - 193.168.0.118,193.168.0.119
31,255.255.255.314,0,C,193.168.0.120,193.168.0.121 - 193.168.0.120,193.168.0.121
31,255.255.255.315,0,C,193.168.0.122,193.168.0.123 - 193.168.0.122,193.168.0.123
31,255.255.255.316,0,C,193.168.0.124,193.168.0.125 - 193.168.0.124,193.168.0.125
31,255.255.255.317,0,C,193.168.0.126,193.168.0.127 - 193.168.0.126,193.168.0.127
31,255.255.255.318,0,C,193.168.0.128,193.168.0.129 - 193.168.0.128,193.168.0.129
31,255.255.255.319,0,C,193.168.0.130,193.168.0.131 - 193.168.0.130,193.168.0.131
31,255.255.255.320,0,C,193.168.0.132,193.168.0.133 - 193.168.0.132,193.168.0.133
31,255.255.255.321,0,C,193.168.0.134,193.168.0.135 - 193.168.0.134,193.168.0.135
31,255.255.255.322,0,C,193.168.0.136,193.168.0.137 - 193.168.0.136,193.168.0.137
31,255.255.255.323,0,C,193.168.0.138,193.168.0.139 - 193.168.0.138,193.168.0.139
31,255.255.255.324,0,C,193.168.0.140,193.168.0.141 - 193.168.0.140,193.168.0.141
31,255.255.255.325,0,C,193.168.0.142,193.168.0.143 - 193.168.0.142,193.168.0.143
31,255.255.255.326,0,C,193.168.0.144,193.168.0.145 - 193.168.0.144,193.168.0.145
31,255.255.255.327,0,C,193.168.0.146,193.168.0.147 - 193.168.0.146,193.168.0.147
31,255.255.255.328,0,C,193.168.0.148,193.168.0.149 - 193.168.0.148,193.168.0.149
31,255.255.255.329,0,C,193.168.0.150,193.168.0.151 - 193.168.0.150,193.168.0.151
31,255.255.255.330,0,C,193.168.0.152,193.168.0.153 - 193.168.0.152,193.168.0.153
31,255.255.255.331,0,C,193.168.0.154,193.168.0.155 - 193.168.0.154,193.168.0.155
31,255.255.255.332,0,C,193.168.0.156,193.168.0.157 - 193.168.0.156,193.168.0.157
31,255.255.255.333,0,C,193.168.0.158,193.168.0.159 - 193.168.0.158,193.168.0.159
31,255.255.255.334,0,C,193.168.0.160,193.168.0.161 - 193.168.0.160,193.168.0.161
31,255.255.255.335,0,C,193.168.0.162,193.168.0.163 - 193.168.0.162,193.168.0.163
31,255.255.255.336,0,C,193.168.0.164,193.168.0.165 - 193.168.0.164,193.168.0.165
31,255.255.255.337,0,C,193.168.0.166,193.168.0.167 - 193.168.0.166,193.168.0.167
31,255.255.255.338,0,C,193.168.0.168,193.168.0.169 - 193.168.0.168,193.168.0.169
31,255.255.255.339,0,C,193.168.0.170,193.168.0.171 - 193.168.0.170,193.168.0.171
31,255.255.255.340,0,C,193.168.0.172,193.168.0.173 - 193.168.0.172,193.168.0.173
31,255.255.255.341,0,C,193.168.0.174,193.168.0.175 - 193.168.0.174,193.168.0.175
31,255.255.255.342,0,C,193.168.0.176,193.168.0.177 - 193.168.0.176,193.168.0.177
31,255.255.255.343,0,C,193.168.0.178,193.168.0.179 - 193.168.0.178,193.168.0.179
31,255.255.255.344,0,C,193.168.0.180,193.168.0.181 - 193.168.0.180,193.168.0.181
31,255.255.255.345,0,C,193.168.0.182,193.168.0.183 - 193.168.0.182,193.168.0.183
31,255.255.255.346,0,C,193.168.0.184,193.168.0.185 - 193.168.0.184,193.168.0.185
31,255.255.255.347,0,C,193.168.0.186,193.168.0.187 - 193.168.0.186,193.168.0.187
31,255.255.255.348,0,C,193.168.0.188,193.168.0.189 - 193.168.0.188,193.168.0.189
31,255.255.255.349,0,C,193.168.0.190,193.168.0.191 - 193.168.0.190,193.168.0.191
31,255.255.255.350,0,C,193.168.0.192,193.168.0.193 - 193.168.0.192,193.168.0.193
31,255.255.255.351,0,C,193.168.0.194,193.168.0.195 - 193.168.0.194,193.168.0.195
31,255.255.255.352,0,C,193.168.0.196,193.168.0.197 - 193.168.0.196,193.168.0.197
31,255.255.255.353,0,C,193.168.0.198,193.168.0.199 - 193.168.0.198,193.168.0.199
31,255.255.255.354,0,C,193.168.0.200,193.168.0.201 - 193.168.0.200,193.168.0.201
31,255.255.255.355,0,C,193.168.0.202,193.168.0.203 - 193.168.0.202,193.168.0.203
31,255.255.255.356,0,C,193.168.0.204,193.168.0.205 - 193.168.0.204,193.168.0.205
31,255.255.255.357,0,C,193.168.0.206,193.168.0.207 - 193.168.0.206,193.168.0.207
31,255.255.255.358,0,C,193.168.0.208,193.168.0.209 - 193.168.0.208,193.168.0.209
31,255.255.255.359,0,C,193.168.0.210,193.168.0.211 - 193.168.0.210,193.168.0.211
31,255.255.255.360,0,C,193.168.0.212,193.168.0.213 - 193.168.0.212,193.168.0.213
31,255.255.255.361,0,C,193.168.0.214,193.168.0.215 - 193.168.0.214,193.168.0.215
31,255.255.255.362,0,C,193.168.0.216,193.168.0.217 - 193.168.0.216,193.168.0.217
31,255.255.255.363,0,C,193.168.0.218,193.168.0.219 - 193.168.0.218,193.168.0.219
31,255.255.255.364,0,C,193.168.0.220,193.168.0.221 - 193.168.0.220,193.168.0.221
31,255.255.255.365,0,C,193.168.0.222,193.168.0.223 - 193.168.0.222,193.168.0.223
31,255.255.255.366,0,C,193.168.0.224,193.168.0.225 - 193.168.0.224,193.168.0.225
31,255.255.255.367,0,C,193.168.0.226,193.168.0.227 - 193.168.0.226,193.168.0.227
31,255.255.255.368,0,C,193.168.0.228,193.168.0.229 - 193.168.0.228,193.168.0.229
31,255.255.255.369,0,C,193.168.0.230,193.168.0.231 - 193.168.0.230,193.168.0.231
31,255.255.255.370,0,C,193.168.0.232,193.168.0.233 - 193.168.0.232,193.168.0.233
31,255.255.255.371,0,C,193.168.0.234,193.168.0.235 - 193.168.0.234,193.168.0.235
31,255.255.255.372,0,C,193.168.0.236,193.168.0.237 - 193.168.0.236,193.168.0.237
31,255.255.255.373,0,C,193.168.0.238,193.168.0.239 - 193.168.0.238,193.168.0.239
31,255.255.255.374,0,C,193.168.0.240,193.168.0.241 - 193.168.0.240,193.168.0.241
31,255.255.255.375,0,C,193.168.0.242,193.168.0.243 - 193.168.0.242,193.168.0.243
31,255.255.255.376,0,C,193.168.0.244,193.168.0.245 - 193.168.0.244,193.168.0.245
31,255.255.255.377,0,C,193.168.0.246,193.168.0.247 - 193.168.0.246,193.168.0.247
31,255.255.255.378,0,C,193.168.0.248,193.168.0.249 - 193.168.0.248,193.168.0.249
31,255.255.255.379,0,C,193.168.0.250,193.168.0.251 - 193.168.0.250,193.168.0.251
31,255.255.255.380,0,C,193.168.0.252,193.168.0.253 - 193.168.0.252,193.168.0.253
31,255.255.255.381,0,C,193.168.0.254,193.168.0.255 - 193.168.0.254,193.168.0.255
32,255.255.255.255,,C,,,